Reg_ID|F_name|L_name|Gender|Blood_group|D.O.B|contact|address|email
8265|Augusto|Beaty|Male|AB+|08-Jan-2010|7228955229|7 West Road|abeaty0@amazon.co.uk
1478|Chris|Shuxsmith|Female|O-|23-Feb-2010|8243814768|87907 Bluestem Junction|cshuxsmith1@arstechnica.com
1883|Filippo|Hakking|Male|O-|09-Jul-2003|7513414620|550 Randy Lane|fhakking2@cbslocal.com
0998|Stearne|Strethill|Male|O-|17-Apr-2012|7936705423|578 Kingsford Place|sstrethill3@mac.com
9665|Pammi|Ducrow|Female|B+|01-Nov-2004|7118647395|12 Vera Avenue|pducrow4@lulu.com
8323|Huntley|Dax|Male|AB-|16-Sep-2010|9714636188|81808 Cardinal Street|hdax5@wufoo.com
7108|Mike|Lydall|Male|O-|29-Jan-2011|7588161015|0 Sachs Avenue|mlydall6@hugedomains.com
5320|Cleon|Breffitt|Male|O-|03-Apr-2009|7547848336|8 Dottie Point|cbreffitt7@noaa.gov
6965|Corby|Petroulis|Male|B-|24-May-2003|7826984891|17 Rigney Point|cpetroulis8@nifty.com
8692|Patti|Ivanishin|Female|AB-|15-Apr-2002|7696818905|72 American Ash Hill|pivanishin9@posterous.com
0419|Shanda|McGlaud|Female|O-|11-Jun-2010|7390298688|380 Bluestem Crossing|smcglauda@ftc.gov
7646|Jeffrey|Bednall|Male|AB-|25-Jan-2004|9915630671|1 Mcguire Junction|jbednallb@unblog.fr
9535|Andreana|Marco|Female|AB-|05-Mar-2003|7982968668|423 Londonderry Lane|amarcoc@flavors.me
4738|Bret|Crannell|Male|AB-|23-Sep-2009|7893850200|44 Hintze Pass|bcrannelld@ca.gov
2164|Daffy|Vautin|Female|O-|24-Feb-2007|7850824067|600 Brentwood Plaza|dvautine@cbc.ca
9317|Derby|Ianno|Male|O-|31-Dec-2001|8997442478|435 Eliot Street|diannof@tmall.com
9625|Flossy|Gerasch|Female|O-|21-Mar-2001|7798021176|577 Mcguire Court|fgeraschg@home.pl
5098|Nikola|Dilland|Male|O-|27-Mar-2007|7386941223|67153 Elgar Street|ndillandh@imageshack.us
1907|Stavros|Hazlehurst|Male|AB-|01-Nov-2011|9725940188|89719 Butternut Court|shazlehursti@desdev.cn
1281|Damiano|McBeath|Male|AB-|12-Nov-2005|7009054413|5 Vermont Court|dmcbeathj@example.com
8761|Valentino|Buckles|Male|O-|31-May-2008|7255969400|81084 Schurz Place|vbucklesk@multiply.com
9119|Mandy|Hughlin|Female|O-|24-Feb-2004|9235588431|1457 Armistice Point|mhughlinl@booking.com
7619|Palm|Dougill|Male|O-|20-Jan-2004|7222024835|859 Pleasure Road|pdougillm@narod.ru
6036|Caye|Glasby|Female|A+|12-Nov-2002|7312997299|8 Toban Road|cglasbyn@yellowpages.com
2275|Marissa|Mooring|Female|AB-|25-Oct-2002|7440408861|49539 Judy Hill|mmooringo@bizjournals.com
2842|Michele|Kupisz|Male|O-|02-Mar-2005|9685252339|1883 Scoville Lane|mkupiszp@github.io
4637|Gearalt|Tassel|Male|O-|10-Apr-2011|9459206572|8 Del Mar Junction|gtasselq@pagesperso-orange.fr
1288|Cortney|Kimm|Female|O-|23-Feb-2010|9162773685|7690 Hallows Avenue|ckimmr@twitpic.com
0898|Maurita|Pinn|Female|AB-|27-Dec-2009|7533636808|57 Reindahl Street|mpinns@sohu.com
2566|Bartram|Atherton|Male|O-|16-Oct-2004|8264603275|3 Forest Run Place|bathertont@multiply.com
9627|Fionnula|Greenhaugh|Female|B-|08-Dec-2000|7590350955|37 Dunning Crossing|fgreenhaughu@zimbio.com
9874|Reginald|Goodanew|Male|O-|21-Jan-2003|8376048506|6616 Maywood Point|rgoodanewv@boston.com
4226|Gerianna|Wallach|Female|O-|13-Jan-2004|9546818968|79 Utah Junction|gwallachw@youtu.be
1367|Lockwood|Grzesiewicz|Male|O-|01-Jul-2009|7689293052|43555 Golf Course Junction|lgrzesiewiczx@gnu.org
5216|Lyn|Murley|Male|O-|27-Aug-2003|7973520600|77 Oneill Circle|lmurleyy@accuweather.com
5608|Vin|Orteau|Male|B-|05-Jan-2011|8450544422|77121 Florence Lane|vorteauz@businessweek.com
9720|Karylin|Pirnie|Female|B-|18-Jun-2006|7835435529|08797 Hanover Circle|kpirnie10@rambler.ru
1787|Yvonne|Astlatt|Female|O-|07-Jan-2010|9801896537|50 Welch Avenue|yastlatt11@businessinsider.com
5905|Dianna|Sindell|Female|O-|14-Nov-2006|7221387619|18800 School Hill|dsindell12@latimes.com
8733|Radcliffe|McKleod|Male|O+|07-Nov-2006|8404809003|46 Manley Lane|rmckleod13@nps.gov
3866|Hadria|Huxham|Female|AB-|13-Mar-2010|7802131683|1387 Vera Point|hhuxham14@360.cn
0044|Isaiah|Lanaway|Male|AB+|15-Dec-2011|8858346665|9 Bluestem Court|ilanaway15@alibaba.com
5388|Ricky|Cannan|Male|AB-|22-Dec-2001|9873123928|67 Dottie Circle|rcannan16@google.com.hk
4772|Penrod|Jasper|Male|AB-|29-Mar-2008|7126034113|7 Raven Trail|pjasper17@amazon.de
7636|Justinian|Bines|Male|O-|24-Dec-2000|7515921358|665 Colorado Street|jbines18@freewebs.com
1924|Charmian|Zanicchelli|Female|AB-|27-Sep-2001|7391340819|6 Eggendart Way|czanicchelli19@techcrunch.com
9075|Serge|Hatchett|Male|O-|27-Oct-2006|8391785370|23188 Mayer Center|shatchett1a@bbb.org
2700|Ida|Tubbs|Female|B-|21-Apr-2001|8755984290|02037 Mallard Plaza|itubbs1b@over-blog.com
0757|Devonne|Dormand|Female|O-|14-Jul-2008|9448159591|49 Rockefeller Street|ddormand1c@apache.org
9173|Baird|Kinghorne|Male|B-|20-Aug-2009|9267711133|598 Clarendon Place|bkinghorne1d@nsw.gov.au
7848|Halie|Nolton|Female|O-|29-Apr-2012|8128273706|27 Kedzie Point|hnolton1e@thetimes.co.uk
1702|Rosemaria|Shrawley|Female|O-|15-Apr-2001|9062415361|23 International Way|rshrawley1f@oaic.gov.au
9893|Dory|Delhay|Male|O-|10-Sep-2007|9745525944|75777 Jana Park|ddelhay1g@quantcast.com
8192|Elicia|Milesap|Female|O-|28-Dec-2000|7655288572|15749 Thackeray Center|emilesap1h@imageshack.us
4232|Ennis|Peat|Male|O-|25-Sep-2010|9150259724|6 Melvin Parkway|epeat1i@sourceforge.net
4116|Ruthann|Pimer|Female|O-|11-Dec-2009|9726104485|57 Eagle Crest Plaza|rpimer1j@unc.edu
1401|Julie|Battisson|Female|O-|19-Mar-2008|7108300444|6 Hoepker Crossing|jbattisson1k@foxnews.com
3611|Joey|Snape|Female|A-|28-Jun-2006|9070124982|833 Ramsey Park|jsnape1l@exblog.jp
0549|Lynn|Howsan|Male|O-|10-May-2002|9449195581|7 Monument Center|lhowsan1m@list-manage.com
9544|Konrad|Greave|Male|O-|21-Jun-2008|7197840502|75 Hayes Way|kgreave1n@oracle.com
0249|Bobbe|Maffulli|Female|O-|10-Jul-2010|7990010673|6701 Crescent Oaks Alley|bmaffulli1o@independent.co.uk
2084|Stanford|Clapson|Male|O-|19-Jul-2010|8550028774|6 Spenser Terrace|sclapson1p@admin.ch
9833|Addie|Calvie|Male|B-|13-May-2005|7402964134|9 Schmedeman Lane|acalvie1q@mapquest.com
2468|Joachim|O'Corrin|Male|B-|03-Jul-2012|9396908674|2 Steensland Trail|jocorrin1r@paypal.com
5406|Dorothy|MacGarvey|Female|O-|05-May-2010|9203025506|17 Riverside Plaza|dmacgarvey1s@amazon.co.uk
7808|Augie|Edlestone|Male|O-|13-Apr-2005|7490309979|820 Elgar Crossing|aedlestone1t@nps.gov
0107|Dill|Killoran|Male|A-|26-Apr-2002|8870585436|2 Butternut Plaza|dkilloran1u@huffingtonpost.com
7673|Fraze|Grimsdike|Male|A-|21-May-2012|7997460042|213 Kipling Terrace|fgrimsdike1v@plala.or.jp
2698|Parsifal|Lafuente|Male|B+|26-May-2003|7757996119|6 Dixon Court|plafuente1w@auda.org.au
6175|Janine|Goncalo|Female|B-|21-Feb-2004|9814942725|876 Division Center|jgoncalo1x@prlog.org
2699|Jephthah|Elwel|Male|O-|06-Dec-2004|9544066707|8 Old Gate Pass|jelwel1y@nature.com
3702|Wally|Frogley|Male|O-|26-Aug-2005|7111947043|58 Hudson Park|wfrogley1z@comcast.net
2593|Kearney|Darbon|Male|AB-|14-Jun-2004|9006469763|54 Hoepker Place|kdarbon20@howstuffworks.com
8808|Damara|Sebring|Female|AB-|20-Sep-2002|9840816782|01 Porter Way|dsebring21@cnn.com
3857|Gabbie|Guild|Male|O-|02-Sep-2009|9108683883|09 Stephen Circle|gguild22@stumbleupon.com
8699|Angy|Rowles|Female|AB-|31-Jan-2009|7367356179|34145 Merrick Pass|arowles23@360.cn
7408|Frankie|Mendez|Male|O+|18-Oct-2006|7443214318|96380 Westridge Drive|fmendez24@alibaba.com
6366|Bobbie|Lowdes|Male|AB-|14-Jun-2007|7891079414|7 Charing Cross Alley|blowdes25@google.com
3875|Boote|Johnigan|Male|O-|05-Mar-2006|7273759985|31 Cherokee Trail|bjohnigan26@miitbeian.gov.cn
8051|Wat|Bellanger|Male|O-|29-Sep-2004|8329939218|28662 Del Sol Street|wbellanger27@sciencedirect.com
4579|Sam|Haistwell|Male|A+|08-Aug-2005|9291426233|2 Oneill Point|shaistwell28@blog.com
2313|Camille|Manna|Female|AB-|22-Apr-2008|7949881795|88 Cascade Pass|cmanna29@cargocollective.com
6279|Bride|Kuschke|Female|B-|20-Jul-2004|7357522510|6672 Walton Plaza|bkuschke2a@nifty.com
5479|Keven|Beert|Male|AB-|30-Aug-2010|7569505751|908 Annamark Road|kbeert2b@hud.gov
8206|Suki|Cobbold|Female|AB-|06-Feb-2004|7843205785|956 Lyons Circle|scobbold2c@weibo.com
3319|Arni|Wadesworth|Male|O+|07-Dec-2004|7213823399|9596 Shopko Junction|awadesworth2d@slate.com
8691|Franciskus|Rennix|Male|AB-|15-Apr-2003|8917827150|79 Vidon Circle|frennix2e@google.it
6120|Amalea|Brettelle|Female|AB-|15-Dec-2006|7212426298|264 Valley Edge Crossing|abrettelle2f@chronoengine.com
3443|Helaine|MacVanamy|Female|B-|09-Aug-2002|8855973168|63 Memorial Way|hmacvanamy2g@apple.com
4754|Ardisj|Martel|Female|O-|05-Jul-2006|9128289669|16 Pennsylvania Circle|amartel2h@dot.gov
1778|Olivero|Liddel|Male|AB-|01-Nov-2006|8865201651|73 Marcy Parkway|oliddel2i@github.com
9057|Kalindi|McKeurtan|Female|AB-|15-Oct-2008|7854112829|90 Cherokee Alley|kmckeurtan2j@princeton.edu
6605|Frazer|Lyddy|Male|O-|14-Jun-2012|7873928496|618 Gulseth Way|flyddy2k@si.edu
0866|Lizbeth|Girth|Female|AB-|30-Jan-2003|7156670253|497 Hudson Avenue|lgirth2l@dedecms.com
5201|Allissa|Grabban|Female|O-|17-May-2001|7159224547|355 Declaration Pass|agrabban2m@time.com
4139|Lenee|Mangeney|Female|A-|07-Feb-2007|8475092904|6 Graceland Alley|lmangeney2n@blogtalkradio.com
1946|Bobbe|Alps|Female|B-|03-Jul-2009|9557903213|6 Hooker Circle|balps2o@tinyurl.com
9300|Hedy|Westhead|Female|AB+|08-Feb-2001|7017747487|9 Acker Lane|hwesthead2p@dion.ne.jp
3119|Kit|Gillmor|Female|O-|22-Nov-2004|7856328857|262 Sommers Crossing|kgillmor2q@zdnet.com
3722|Austina|Papen|Female|O-|13-Jan-2008|7928120758|6 Texas Court|apapen2r@upenn.edu
3281|Brittany|Shutt|Female|O-|29-Aug-2007|8210206708|975 Bobwhite Center|bshutt2s@cnet.com
6253|Shay|Mickleborough|Male|O-|27-Apr-2012|7684689226|462 Del Sol Junction|smickleborough2t@hugedomains.com
3643|Vivienne|Tilt|Female|O-|30-Dec-2006|7794501588|02068 Blaine Road|vtilt2u@webeden.co.uk
2580|Torey|Endacott|Male|O-|17-May-2012|7667839478|864 Amoth Center|tendacott2v@dedecms.com
3137|Micaela|Treswell|Female|AB-|29-Mar-2005|7707424405|48399 Sutteridge Parkway|mtreswell2w@facebook.com
8196|Gavra|Leppington|Female|AB-|14-Apr-2007|7973749630|1444 Sheridan Lane|gleppington2x@tmall.com
5734|Thoma|Baggelley|Male|O-|05-Dec-2003|7164125702|3 Anderson Drive|tbaggelley2y@github.com
8140|Alexandre|Hatfull|Male|O-|31-Dec-2004|7630150666|78663 Crescent Oaks Crossing|ahatfull2z@elpais.com
1912|Nalani|Treat|Female|O-|11-Jun-2011|7059210455|2 Cody Parkway|ntreat30@uol.com.br
8465|Sibilla|Wormell|Female|O-|30-Nov-2008|9517099502|4 8th Crossing|swormell31@wisc.edu
4133|Elnar|Brehault|Male|O-|20-Jul-2003|8899808706|9453 Bartillon Park|ebrehault32@barnesandnoble.com
7382|Channa|Dinse|Female|O-|10-Feb-2001|9240059611|1523 Jackson Park|cdinse33@oracle.com
1533|Jonell|Cornil|Female|A-|03-Aug-2004|7569532940|603 Westerfield Drive|jcornil34@comcast.net
6464|Juditha|Hanna|Female|O+|27-Jun-2006|7907953061|66 Caliangt Junction|jhanna35@msu.edu
8745|Artus|Mulholland|Male|B-|18-Feb-2004|8034656197|01 Graceland Drive|amulholland36@mapy.cz
6571|Ailene|Rentz|Female|AB-|08-Dec-2009|7593885821|0 Main Way|arentz37@prweb.com
7715|Nan|Pickavance|Female|O-|29-Oct-2002|9001649268|66 Center Circle|npickavance38@ft.com
6004|Lannie|Vegas|Male|O-|23-Jan-2001|8426613724|5503 Pankratz Alley|lvegas39@4shared.com
5353|Jane|Yarrell|Female|A+|09-Apr-2011|9644793149|5 Milwaukee Parkway|jyarrell3a@xing.com
9079|Hurleigh|Gelly|Male|O-|25-Jun-2008|7417193493|89501 Kinsman Court|hgelly3b@sohu.com
6663|Brant|Olsen|Male|AB-|31-May-2004|7988545736|243 Mariners Cove Court|bolsen3c@google.it
7431|Valry|Currey|Female|B-|14-Apr-2008|8503920332|91624 Daystar Junction|vcurrey3d@elegantthemes.com
2542|Hedwiga|Chezier|Female|B-|14-Aug-2001|7827664069|81292 Mitchell Point|hchezier3e@loc.gov
2805|Rockey|Feirn|Male|AB-|30-Aug-2002|8064403500|3096 Anniversary Hill|rfeirn3f@nhs.uk
8476|Orren|Giacubo|Male|O-|18-May-2005|9595427337|30931 Bluestem Road|ogiacubo3g@usa.gov
9158|Urbanus|Nuttall|Male|O-|20-Nov-2000|9652127394|24 Northport Circle|unuttall3h@discuz.net
0779|Nicolle|Sandcroft|Female|AB-|15-Oct-2002|9365597595|6541 Springs Alley|nsandcroft3i@webmd.com
8615|Alma|Golland|Female|O-|23-Dec-2006|8483806337|3525 Dixon Center|agolland3j@state.gov
0177|Steward|Palfrie|Male|O-|10-Jul-2003|7430116027|3 Scoville Crossing|spalfrie3k@plala.or.jp
3331|Tomasine|Andrusov|Female|AB-|24-Apr-2007|7844602170|47 International Lane|tandrusov3l@is.gd
7528|Diandra|Lytell|Female|AB-|08-Mar-2003|7975435410|16 Muir Crossing|dlytell3m@clickbank.net
9323|Fae|Nisuis|Female|O-|21-Jul-2005|9927234239|116 Delladonna Pass|fnisuis3n@zdnet.com
3440|Amerigo|Mytton|Male|AB-|30-Oct-2001|7740160170|87 Hauk Circle|amytton3o@1und1.de
7743|Sheba|Bette|Female|B-|15-Sep-2008|7132899404|03 Forster Point|sbette3p@wikia.com
6455|Filberte|Sommerfeld|Male|O-|17-Oct-2005|8899113807|39 Chive Drive|fsommerfeld3q@nbcnews.com
4818|Nappie|Grouse|Male|AB-|09-Aug-2005|8413069829|920 Weeping Birch Alley|ngrouse3r@homestead.com
3843|Maddy|Furney|Male|B-|10-May-2012|7643497462|1 Union Street|mfurney3s@chronoengine.com
2396|Shelby|Habeshaw|Male|B-|02-Mar-2012|8571972905|05748 Village Trail|shabeshaw3t@ucla.edu
0259|Beauregard|Whitbread|Male|O-|23-Jan-2006|8772244728|18 Tony Circle|bwhitbread3u@tinyurl.com
3298|Carlin|Dinsey|Male|AB-|18-Oct-2006|8294833400|29 Dixon Plaza|cdinsey3v@ca.gov
7066|Nicole|Siggers|Female|O-|13-Apr-2005|7603250370|2140 Sachs Park|nsiggers3w@wired.com
0747|Beau|Beere|Male|O-|16-Aug-2005|9205650442|86472 Barnett Terrace|bbeere3x@ucla.edu
1104|Ranice|Cayzer|Female|O-|10-Nov-2009|8370827658|58 Morning Center|rcayzer3y@prlog.org
6274|Terrie|Hinkens|Female|O-|19-Dec-2005|9652112923|3424 Algoma Pass|thinkens3z@weather.com
0119|Allayne|Cridlon|Male|B-|04-Jun-2006|7952688375|83 Ramsey Way|acridlon40@amazon.co.uk
0063|Marje|Figgen|Female|B-|04-Sep-2007|7622767152|46 West Road|mfiggen41@twitpic.com
5622|Lira|Hazelton|Female|AB-|28-Apr-2003|7928128901|0 Forest Dale Plaza|lhazelton42@parallels.com
2001|Dinah|Glazzard|Female|O-|21-Oct-2000|7042979359|10 Hovde Hill|dglazzard43@usgs.gov
4310|Anabel|Grimwad|Female|B-|19-Jul-2010|8223845188|78 Oak Circle|agrimwad44@aboutads.info
3561|Ronni|Crocetti|Female|B-|24-Aug-2006|7853343118|88 Emmet Circle|rcrocetti45@intel.com
2029|Cammy|Stedson|Female|A-|24-Jul-2004|8631330624|324 Dayton Circle|cstedson46@zdnet.com
3471|Kettie|Kos|Female|AB-|17-Nov-2011|7853075675|929 Golf Course Street|kkos47@jigsy.com
4560|Renato|Sampson|Male|B-|27-Mar-2009|7402866964|6475 Randy Drive|rsampson48@webnode.com
8769|Marthena|Barge|Female|AB-|20-Oct-2001|9379534314|2933 Glacier Hill Alley|mbarge49@oracle.com
3076|Natalee|Martijn|Female|B-|26-Nov-2006|9081270126|7434 Spaight Street|nmartijn4a@uiuc.edu
5282|Patrizia|Purches|Female|AB-|21-Dec-2003|7728554401|090 Carioca Street|ppurches4b@forbes.com
8480|Ab|Pregal|Male|B-|21-Jan-2011|7987137348|4726 Marquette Place|apregal4c@businessweek.com
7443|Rustie|Belli|Male|AB-|05-Nov-2008|7292049164|9800 Alpine Crossing|rbelli4d@sina.com.cn
9196|Olympia|Diperaus|Female|O-|28-Dec-2006|7946027678|2 Miller Plaza|odiperaus4e@1und1.de
7700|Rose|Cain|Female|O-|24-Aug-2012|8695424871|82265 Eastlawn Avenue|rcain4f@nasa.gov
3351|Gaven|Melmar|Male|B-|16-Jun-2004|7368706209|1618 Vernon Pass|gmelmar4g@typepad.com
6981|Dotty|Lorenzini|Female|O-|27-Apr-2007|7812920360|4944 Bluestem Parkway|dlorenzini4h@mit.edu
1154|Felipe|Edwick|Male|AB-|25-Mar-2010|9833899713|26 East Lane|fedwick4i@bbb.org
2393|Adriena|Meekin|Female|B-|08-Dec-2002|9035678477|29438 Service Point|ameekin4j@bbc.co.uk
8566|Leslie|Sayle|Male|O-|10-Apr-2004|7122418312|9043 Mccormick Way|lsayle4k@cnet.com
8151|Niels|Ewenson|Male|AB-|18-Feb-2008|9618758993|470 Melody Place|newenson4l@yahoo.co.jp
0704|Gerri|Shapera|Male|O-|28-Aug-2006|8579725018|9195 Spenser Junction|gshapera4m@facebook.com
5922|Cheslie|Sussex|Female|O-|28-Mar-2001|7196148008|4282 Schiller Street|csussex4n@instagram.com
0774|Tamiko|Dykas|Female|O-|25-Feb-2008|9607234301|30 Anderson Place|tdykas4o@unblog.fr
7955|Allsun|Easterfield|Female|AB-|28-Dec-2002|7515255937|62271 Prairieview Center|aeasterfield4p@barnesandnoble.com
3913|Gerri|Kee|Male|B-|23-Oct-2006|7807687650|2846 Sundown Alley|gkee4q@nydailynews.com
5694|Phylys|Sunley|Female|O-|10-Feb-2003|7389029548|01304 Sommers Terrace|psunley4r@newsvine.com
3492|Forrest|Merington|Male|AB-|30-Jan-2003|9005282891|844 Kingsford Lane|fmerington4s@vinaora.com
5784|Joane|Charter|Female|B-|15-Feb-2002|8501876107|11870 Cardinal Terrace|jcharter4t@about.com
8360|Milzie|Liddle|Female|B-|08-Sep-2010|9521365631|5 Clemons Park|mliddle4u@irs.gov
8207|Aguste|Bakewell|Male|AB+|09-Mar-2003|8868637894|05692 Armistice Way|abakewell4v@tamu.edu
8662|Dee|Haldin|Female|O-|27-Nov-2002|7675483494|1 Loeprich Avenue|dhaldin4w@businessweek.com
0571|Jerome|Brough|Male|A-|22-Mar-2010|8040518635|5 Melby Circle|jbrough4x@de.vu
7017|Teddy|Memmory|Male|AB-|18-Mar-2007|7527735301|80611 Victoria Trail|tmemmory4y@creativecommons.org
4448|Heinrik|Erskin|Male|AB-|29-Dec-2004|7816814649|42 Butterfield Parkway|herskin4z@weibo.com
7005|Anselm|McCobb|Male|O+|05-Apr-2004|7751298124|0 Lakewood Place|amccobb50@posterous.com
8332|Brenna|Brient|Female|O-|25-Sep-2009|7379702624|16907 Dexter Drive|bbrient51@github.io
2228|Melanie|Tytherton|Female|O-|27-Jul-2007|7238365417|02351 Mariners Cove Park|mtytherton52@howstuffworks.com
6313|Floris|Vicker|Female|O-|21-Apr-2011|9800259569|12 Meadow Ridge Street|fvicker53@wired.com
7974|Hermina|Aggett|Female|O-|13-Aug-2003|7694045918|98 6th Park|haggett54@yellowpages.com
0803|Chan|Eland|Male|AB-|22-Mar-2012|7182564393|0 Mockingbird Plaza|celand55@techcrunch.com
9540|Edouard|Petrasso|Male|O-|31-Jan-2008|7780323077|590 Westridge Center|epetrasso56@hexun.com
0898|Winfred|Ockleshaw|Male|O-|21-Jun-2002|7031167674|9 Macpherson Road|wockleshaw57@tamu.edu
3878|Jyoti|Lissenden|Female|O-|27-Mar-2005|8881368039|88260 Menomonie Trail|jlissenden58@techcrunch.com
6580|Cynthea|Gatcliff|Female|B-|29-Sep-2000|8961868825|6091 Miller Street|cgatcliff59@hostgator.com
2611|Clareta|O'Shaughnessy|Female|O-|30-Jan-2008|9204175482|605 Elgar Hill|coshaughnessy5a@guardian.co.uk
7973|Westley|Dovey|Male|AB-|07-Jan-2012|9686983092|368 Sloan Park|wdovey5b@sciencedaily.com
5278|Keeley|Becaris|Female|O-|14-Jan-2006|8505399178|464 Caliangt Avenue|kbecaris5c@google.com.br
3948|Konstance|Kinsett|Female|B-|03-Nov-2002|8439245945|7 Mariners Cove Trail|kkinsett5d@ftc.gov
8148|Hasheem|Wibrow|Male|AB-|27-Mar-2012|8355276233|36 Dovetail Hill|hwibrow5e@ifeng.com
2022|Corly|Lacaze|Female|B-|21-Jan-2003|7953199966|56298 Milwaukee Plaza|clacaze5f@miibeian.gov.cn
7778|Bud|Westpfel|Male|O+|19-Nov-2007|9744051113|68983 Colorado Lane|bwestpfel5g@kickstarter.com
9309|Darlene|Wilstead|Female|O-|14-Jun-2011|9723466991|0 Sunfield Way|dwilstead5h@un.org
7786|Willi|D'Arrigo|Male|O-|07-Jun-2011|9481439451|520 Chinook Court|wdarrigo5i@upenn.edu
1613|Bartolemo|Aylmer|Male|A-|12-Mar-2008|7615853661|4672 Colorado Pass|baylmer5j@shinystat.com
3576|Oona|Splain|Female|AB-|26-Aug-2012|7624877241|9301 Grasskamp Hill|osplain5k@berkeley.edu
0544|Briny|Bugdell|Female|AB-|12-Jan-2007|8197868131|035 Everett Junction|bbugdell5l@creativecommons.org
7148|Cassandry|Cullin|Female|O-|30-Jun-2009|7223879397|4864 Stephen Avenue|ccullin5m@wunderground.com
4555|Trudy|Stillmann|Female|O-|13-Jan-2005|7072073670|5 Kings Point|tstillmann5n@sourceforge.net
3867|Alexis|Paramore|Male|O-|02-Nov-2001|7829939275|3 Hovde Circle|aparamore5o@webmd.com
9420|Teodor|Trout|Male|AB-|26-Nov-2001|7318650914|5600 Arrowood Hill|ttrout5p@sogou.com
3506|Hodge|Overell|Male|O-|08-Oct-2006|7748678151|3 Roxbury Street|hoverell5q@lulu.com
4896|Marthena|Derks|Female|O-|29-Nov-2007|9541048269|73 Scofield Trail|mderks5r@123-reg.co.uk
1647|Marena|Gianiello|Female|O+|13-Jul-2004|7356884190|41 Fisk Court|mgianiello5s@miitbeian.gov.cn
4466|Chicky|Silverson|Male|O-|13-May-2002|7206946293|12489 Daystar Avenue|csilverson5t@google.es
5728|Karilynn|Dayne|Female|O-|05-Apr-2005|7194371209|31 Nova Trail|kdayne5u@pagesperso-orange.fr
3990|Farly|Mouget|Male|O+|02-Dec-2001|7394061404|35 Rockefeller Lane|fmouget5v@sbwire.com
5853|Panchito|Absalom|Male|O-|11-Sep-2004|7384953971|185 Hayes Trail|pabsalom5w@cargocollective.com
0085|Tyler|O'Fallone|Male|B-|23-Jun-2007|9755822451|425 Muir Park|tofallone5x@miibeian.gov.cn
6250|Jessalin|Hallibone|Female|B-|14-Jun-2002|7236010130|610 Texas Street|jhallibone5y@wunderground.com
7767|Dorree|Rapp|Female|AB-|11-Aug-2006|7449636773|56 Ridgeway Street|drapp5z@nasa.gov
9136|Gifford|Ney|Male|O-|13-Mar-2012|9666201577|85 Dunning Circle|gney60@sourceforge.net
4113|Vic|Wentworth|Male|AB+|17-Feb-2009|8674658670|3 Chive Point|vwentworth61@topsy.com
0727|Tisha|Dabourne|Female|O-|21-May-2003|8757072108|9 Tony Drive|tdabourne62@webs.com
8775|Amabel|Danelutti|Female|O-|07-Mar-2011|8234916849|6 Northland Lane|adanelutti63@clickbank.net
3888|Ulrick|Tetsall|Male|O-|28-Aug-2006|7614416315|43634 Dryden Place|utetsall64@homestead.com
6872|Hyacinthia|Currington|Female|O-|14-Jul-2006|9423192508|179 Melrose Trail|hcurrington65@weibo.com
2701|Whitney|Folini|Male|O-|26-Oct-2002|7634735870|7726 Kennedy Pass|wfolini66@desdev.cn
5897|Norton|Duffet|Male|O-|07-Aug-2003|9613070713|99582 Aberg Place|nduffet67@slashdot.org
5914|Neysa|Flasby|Female|O-|04-Mar-2012|7253754651|1675 Hagan Point|nflasby68@jalbum.net
3679|Siusan|MacIlwrick|Female|O-|26-Mar-2010|8825879708|257 Kim Road|smacilwrick69@patch.com
7664|Kevina|Riseborough|Female|O+|19-Aug-2006|8134827792|945 Di Loreto Parkway|kriseborough6a@people.com.cn
2670|Savina|Ife|Female|A-|02-Mar-2002|8434713750|1 Bunker Hill Street|sife6b@phoca.cz
0636|Chane|Kisbey|Male|O-|21-Aug-2001|8522312005|7443 Schiller Street|ckisbey6c@telegraph.co.uk
1015|Sol|Morgan|Male|O-|15-Feb-2006|7686257974|1 Del Mar Hill|smorgan6d@histats.com
4559|Giana|Coldwell|Female|A-|22-Dec-2007|8264918004|5 Barby Plaza|gcoldwell6e@bandcamp.com
7670|Saunder|Soots|Male|O-|30-Mar-2007|9535460181|8233 Hintze Circle|ssoots6f@gnu.org
3274|Marcus|Brodbin|Male|O-|22-May-2006|9764053695|55 Macpherson Place|mbrodbin6g@163.com
4333|Marcella|Clery|Female|AB-|29-Jun-2012|8475222204|97 Sage Center|mclery6h@exblog.jp
4115|Anderea|Muckle|Female|O-|18-Dec-2001|7064498804|9 Dixon Road|amuckle6i@vistaprint.com
1931|Kizzee|Hannaford|Female|O-|04-Jan-2001|7510596512|0 Tomscot Circle|khannaford6j@samsung.com
8250|Sebastian|Stollenwerck|Male|A-|29-Sep-2006|9004208111|0623 Hagan Crossing|sstollenwerck6k@live.com
1856|Hildagarde|Naptin|Female|AB+|09-Jun-2007|8032230633|242 Glacier Hill Court|hnaptin6l@pbs.org
4412|Raviv|Pickaver|Male|O-|22-May-2010|7088921417|33 Morrow Avenue|rpickaver6m@ustream.tv
3820|Ludwig|Quaintance|Male|B-|08-May-2011|7637592846|739 Fisk Way|lquaintance6n@netlog.com
2822|Tate|Furnell|Female|O-|13-Jan-2003|7886935358|9511 Westerfield Plaza|tfurnell6o@opensource.org
4518|Catharine|McCurley|Female|O-|07-Sep-2005|8633408020|239 Fordem Trail|cmccurley6p@tinypic.com
4033|Jaclin|Skones|Female|AB-|06-Mar-2005|9298892630|29625 Toban Place|jskones6q@xing.com
9757|Selina|Bedlington|Female|B-|21-Jun-2007|9213300759|279 Grayhawk Avenue|sbedlington6r@deliciousdays.com
1078|Noel|Petri|Male|B-|05-Jan-2010|9073917440|57829 Fairfield Terrace|npetri6s@diigo.com
5582|Worden|Tussaine|Male|O-|03-Jan-2007|7757755574|803 Nancy Parkway|wtussaine6t@wix.com
5757|Fabio|Drillingcourt|Male|O-|17-Aug-2002|7583490889|177 Larry Center|fdrillingcourt6u@imgur.com
4500|Vaughn|Casetti|Male|A-|30-Jan-2012|9975477710|8972 Anniversary Junction|vcasetti6v@yandex.ru
7203|Benjie|Kilkenny|Male|AB-|08-Jul-2009|9531800135|9274 Ridgeway Lane|bkilkenny6w@studiopress.com
1219|Joann|Skelhorn|Female|O-|10-Jan-2006|9801018693|42943 Trailsway Alley|jskelhorn6x@economist.com
9956|Benetta|Sallings|Female|O-|16-Aug-2010|7646058244|3 Weeping Birch Parkway|bsallings6y@cbsnews.com
8018|Bess|Tuck|Female|AB-|22-Jul-2006|9702308659|6855 New Castle Road|btuck6z@delicious.com
4051|Tarrance|Trowell|Male|AB-|23-Aug-2001|7814394546|2491 Burning Wood Parkway|ttrowell70@delicious.com
8707|Alison|Hurtic|Female|O-|07-Oct-2010|9907937571|1 Northfield Park|ahurtic71@php.net
6381|Cristi|Duthie|Female|O-|04-Jun-2011|7334997843|60 Emmet Center|cduthie72@java.com
4206|Frants|Mussettini|Male|A-|31-May-2006|7917746761|1890 Roxbury Avenue|fmussettini73@berkeley.edu
9052|Matthaeus|Titheridge|Male|O-|20-Nov-2007|9200640806|2 Arkansas Pass|mtitheridge74@so-net.ne.jp
0361|Arther|Baurerich|Male|O-|11-Nov-2000|8467195527|4 Sage Junction|abaurerich75@google.ca
5672|Elfie|Briers|Female|O-|23-Jul-2005|9887496008|0941 Michigan Plaza|ebriers76@google.it
7733|Chrisy|Foskett|Male|AB-|06-Apr-2004|7084414678|66 Gina Drive|cfoskett77@etsy.com
7215|Barthel|MacParland|Male|O-|26-Apr-2009|8778404776|3580 Leroy Park|bmacparland78@so-net.ne.jp
7220|Kristien|Reide|Female|O-|30-Nov-2007|9098683097|1448 Summit Junction|kreide79@tmall.com
3845|Tiffy|Fairhead|Female|O-|05-May-2012|7095784300|7388 Atwood Street|tfairhead7a@jiathis.com
8627|Doralynn|Carson|Female|A-|11-Dec-2000|7831370277|9477 Sycamore Trail|dcarson7b@delicious.com
2052|Thelma|Osanne|Female|O-|08-May-2012|8484455724|4872 Barnett Center|tosanne7c@quantcast.com
8901|Cleve|Sturgess|Male|O-|28-Mar-2012|8385041819|9 Parkside Pass|csturgess7d@cmu.edu
4986|Delora|Leggett|Female|O-|09-Feb-2008|7887866697|28965 Erie Road|dleggett7e@pbs.org
2001|Payton|Stelfax|Male|A-|11-Sep-2006|8259366471|229 Melvin Trail|pstelfax7f@rakuten.co.jp
4056|Brade|Swadlinge|Male|O-|08-Mar-2004|7850512979|17 Doe Crossing Road|bswadlinge7g@rambler.ru
2563|Selinda|Pargeter|Female|O-|02-Apr-2007|9282293318|1 Columbus Place|spargeter7h@cornell.edu
0368|Antonie|Turbitt|Female|O-|29-Sep-2004|7626441507|9812 Buena Vista Crossing|aturbitt7i@discovery.com
6252|Parnell|Wigfield|Male|O-|26-Mar-2006|7079365962|0626 Superior Alley|pwigfield7j@msn.com
4006|Jacklyn|Nettle|Female|AB-|06-Jan-2012|7306960932|568 Hallows Park|jnettle7k@t-online.de
5013|Kerri|Mateescu|Female|O+|26-Nov-2005|7900680121|60614 Northland Place|kmateescu7l@exblog.jp
4596|Pincas|Snow|Male|AB-|21-Aug-2001|7448905594|6996 Vernon Alley|psnow7m@wiley.com
2622|Chrystal|Keilty|Female|O-|17-Feb-2004|8214063022|84334 Union Street|ckeilty7n@livejournal.com
2149|Husein|Gosneye|Male|O-|11-Jul-2006|7059520859|1383 Village Court|hgosneye7o@ucoz.com
7611|Robin|Maruszewski|Male|O-|09-Jun-2002|7181182041|85 Brentwood Way|rmaruszewski7p@pbs.org
5548|Ciel|Alabone|Female|O-|02-May-2008|9477410253|13 Grover Court|calabone7q@discovery.com
6076|Josselyn|Jiroutka|Female|O-|03-Jun-2011|7354016830|7052 Schlimgen Parkway|jjiroutka7r@blogs.com
3217|Evania|Nash|Female|O-|21-Feb-2009|7966152730|5 Londonderry Court|enash7s@google.com.au
1796|Aubrey|Grigoriscu|Male|AB-|26-Jul-2008|7130872488|719 Mcguire Plaza|agrigoriscu7t@unblog.fr
7253|Drud|D'Ambrogi|Male|O-|15-Oct-2011|8133129466|65927 Old Gate Terrace|ddambrogi7u@omniture.com
5629|Otto|Dayton|Male|A-|16-Feb-2009|8506701943|739 Waywood Hill|odayton7v@shinystat.com
8074|Clarine|Barette|Female|O-|10-Jul-2006|7505504529|760 Hanson Lane|cbarette7w@geocities.com
3363|Selie|Chifney|Female|O-|20-Dec-2002|8824163844|2635 Sullivan Park|schifney7x@unc.edu
7653|Pearla|Gravet|Female|O-|08-Dec-2001|7251484733|84 Macpherson Drive|pgravet7y@yahoo.com
0438|Claudette|Tyrrell|Female|AB-|13-Sep-2009|9923245525|452 Pleasure Street|ctyrrell7z@yelp.com
7263|Kitti|Seckom|Female|AB-|01-Oct-2010|9695300035|944 Holy Cross Terrace|kseckom80@cornell.edu
8309|Umeko|Clardge|Female|B-|26-Sep-2004|9051213691|98 Badeau Way|uclardge81@flavors.me
9529|Susannah|Bowcher|Female|O+|03-May-2001|7027521392|3 Springs Pass|sbowcher82@jalbum.net
0386|Talbot|Verrico|Male|O-|11-Dec-2001|9027801456|1 Derek Center|tverrico83@xinhuanet.com
4057|Agnesse|McCotter|Female|AB+|14-Sep-2004|8295281233|6215 Lighthouse Bay Crossing|amccotter84@ft.com
9434|Howie|Dalyiel|Male|O-|04-Sep-2011|7913082938|8227 Jackson Pass|hdalyiel85@domainmarket.com
7603|Katharyn|Izacenko|Female|B-|13-Feb-2007|7854597019|5014 Eliot Drive|kizacenko86@xing.com
0829|Elton|Anstie|Male|B-|11-Mar-2001|8644159944|7448 Eliot Drive|eanstie87@merriam-webster.com
3390|Harmonie|Speakman|Female|O-|11-Jan-2005|7430527032|43440 Fairfield Pass|hspeakman88@barnesandnoble.com
0108|Daryl|Seide|Female|O-|07-Nov-2005|7901314871|0814 Farragut Center|dseide89@usnews.com
8288|Isador|Edelston|Male|O-|19-Jan-2011|9963558576|32 Hauk Avenue|iedelston8a@biblegateway.com
1356|Welsh|Dikes|Male|AB-|02-Mar-2011|8486306789|20122 Karstens Park|wdikes8b@quantcast.com
4728|Eve|Milbourne|Female|AB-|26-Sep-2000|8485968033|31 Lerdahl Alley|emilbourne8c@arstechnica.com
3727|Willie|Abelov|Female|O-|16-Jun-2001|7332967479|67 Hudson Way|wabelov8d@usgs.gov
5918|Colan|Bruhnicke|Male|B-|16-Jun-2011|9031356310|6 Emmet Terrace|cbruhnicke8e@bigcartel.com
1249|Westleigh|Escott|Male|O-|04-Oct-2011|7647954993|46188 Mesta Court|wescott8f@yellowpages.com
4070|Salmon|Bending|Male|AB-|08-Dec-2006|7222172900|9 Kim Center|sbending8g@purevolume.com
6821|Tore|Falshaw|Male|O-|31-May-2010|7304605252|36 Burning Wood Avenue|tfalshaw8h@ted.com
5003|Calley|Dalliston|Female|O-|07-Jul-2007|8485787235|40543 Eagle Crest Alley|cdalliston8i@lycos.com
0302|Hyatt|Cherry|Male|A+|11-Jun-2003|9173573632|9058 Buhler Circle|hcherry8j@topsy.com
0601|Mirella|Paradin|Female|O-|24-Aug-2001|8390378916|735 Reindahl Way|mparadin8k@symantec.com
5971|Annette|Kibbye|Female|A-|19-Nov-2003|7118713140|7 Lawn Drive|akibbye8l@163.com
8538|Amelia|Millhill|Female|O-|19-Oct-2004|7597417060|64 Fairfield Drive|amillhill8m@tmall.com
5155|Bibbye|Haversham|Female|AB+|12-Jun-2005|8472275500|5 Ohio Lane|bhaversham8n@seattletimes.com
7286|Joanie|Dreye|Female|O-|04-Apr-2012|7746210875|5666 Merry Junction|jdreye8o@umn.edu
8100|Hedwig|Kohrding|Female|AB-|13-Oct-2004|8096595164|4979 Badeau Place|hkohrding8p@soup.io
3707|Natasha|Derrick|Female|B-|25-Jun-2003|9469428766|9788 Briar Crest Street|nderrick8q@com.com
9927|Kimberlee|Munnis|Female|O-|29-Oct-2011|8038208931|79 Waubesa Circle|kmunnis8r@biglobe.ne.jp
1987|Ezekiel|Harcombe|Male|AB-|13-Jun-2008|8447851545|47 Del Mar Crossing|eharcombe8s@fastcompany.com
6284|Alexei|Mulqueeny|Male|O-|07-Mar-2010|8136441015|84 Judy Terrace|amulqueeny8t@google.cn
9145|Xymenes|Montez|Male|AB-|24-Mar-2005|7824602062|31 Towne Circle|xmontez8u@alibaba.com
1348|Angel|Wrates|Female|O-|13-Apr-2008|8569410680|195 Oak Trail|awrates8v@hexun.com
3156|Randy|Shefton|Male|O-|24-Dec-2003|8558879717|1 Holmberg Road|rshefton8w@pen.io
8752|Dedie|Voyce|Female|AB-|04-Apr-2003|7007736474|173 La Follette Center|dvoyce8x@walmart.com
4442|Allx|Ferrierio|Female|AB-|24-Oct-2003|8030092639|85 International Place|aferrierio8y@uiuc.edu
8945|Gillian|Yare|Female|AB-|05-Aug-2004|7007549386|93 Westerfield Circle|gyare8z@networksolutions.com
5630|Jade|Gantlett|Female|O-|13-Feb-2002|8191886771|79705 Chive Circle|jgantlett90@webs.com
3467|Kirby|Prescot|Male|O-|15-Feb-2011|7503041492|14487 Valley Edge Court|kprescot91@ustream.tv
3686|Kendricks|Kapelhoff|Male|O-|06-Aug-2007|9027170776|9010 Shasta Trail|kkapelhoff92@stanford.edu
6789|Gail|Spaducci|Male|O-|02-Jun-2002|8128250022|629 Eastwood Parkway|gspaducci93@ebay.com
2643|Daniella|Vauls|Female|B-|13-Jun-2006|8690271242|5968 Vera Hill|dvauls94@mayoclinic.com
1540|Desiree|McCudden|Female|O-|21-Jun-2011|7853722074|257 Lien Terrace|dmccudden95@nyu.edu
1562|Fairlie|Antushev|Male|AB+|26-Nov-2001|8822888078|437 Oak Valley Point|fantushev96@devhub.com
4892|Ware|Rickword|Male|AB+|06-Sep-2001|7557784677|852 Oxford Lane|wrickword97@harvard.edu
5816|Raeann|Tither|Female|B-|29-Sep-2006|7221290805|3737 Blue Bill Park Trail|rtither98@comcast.net
4220|Merrilee|Habbeshaw|Female|B-|30-Sep-2005|9471572225|9 Oak Valley Street|mhabbeshaw99@behance.net
3110|Jennifer|Keggins|Female|AB-|06-Nov-2002|9290279042|8177 Nova Place|jkeggins9a@upenn.edu
7490|Clemmy|Bortoli|Male|AB-|20-Sep-2009|7495920133|6788 Bartelt Plaza|cbortoli9b@istockphoto.com
0482|Linc|Budding|Male|AB-|14-Dec-2002|7548419850|819 Hermina Road|lbudding9c@cnn.com
7552|Josephine|Delmage|Female|AB+|27-May-2009|8431396612|37 Redwing Junction|jdelmage9d@sogou.com
9955|Lorry|Fonquernie|Female|O-|10-Jul-2012|9823225147|83 Cascade Trail|lfonquernie9e@hhs.gov
5057|Elka|Kernock|Female|AB-|07-Sep-2003|9608672768|00907 Welch Point|ekernock9f@huffingtonpost.com
2797|Collie|Maron|Female|O-|15-Feb-2012|7354829296|128 Artisan Park|cmaron9g@google.com.br
6931|Arnie|Rushbrook|Male|O-|07-Jul-2003|7611144594|5 Washington Hill|arushbrook9h@sun.com
8330|Skell|Ragles|Male|AB-|27-May-2010|9170347481|59236 Maple Wood Street|sragles9i@multiply.com
7548|Giusto|Jozwik|Male|AB-|20-Dec-2006|7614850260|21 Crest Line Way|gjozwik9j@google.com.au
5068|Christoper|Matelaitis|Male|O-|04-Jun-2012|7003493426|4 Oneill Trail|cmatelaitis9k@comcast.net
8059|Hamel|Hasely|Male|O-|22-Jan-2006|9764908910|368 Ramsey Point|hhasely9l@myspace.com
9029|Teddy|Pawel|Male|O-|11-Jan-2006|7151062607|6651 Ohio Avenue|tpawel9m@e-recht24.de
0040|Astrid|MacTeague|Female|B-|24-Dec-2001|8997642855|3 Oxford Park|amacteague9n@simplemachines.org
1851|Ewen|Kluge|Male|O-|17-May-2003|8441984423|45 Veith Center|ekluge9o@quantcast.com
2763|Kaia|Dayes|Female|AB-|13-Jul-2002|9145425649|42 Golf Course Point|kdayes9p@youtube.com
9372|Darb|Zanuciolii|Female|AB-|25-Nov-2010|7994140756|0 Merry Parkway|dzanuciolii9q@slideshare.net
9493|Pierrette|McCuis|Female|O-|09-Apr-2009|9859394725|0299 Ronald Regan Crossing|pmccuis9r@list-manage.com
1816|Allayne|Vaughn|Male|AB-|25-Dec-2011|9285776745|49 John Wall Circle|avaughn9s@bigcartel.com
5560|Marjorie|Ungerer|Female|AB-|04-May-2002|7544853084|64 Debs Trail|mungerer9t@networksolutions.com
7769|Timmi|Feben|Female|O-|08-Apr-2003|9752517880|9763 Sachtjen Hill|tfeben9u@dedecms.com
4387|Shina|Addeycott|Female|O-|12-Jul-2011|7371469696|88551 Hallows Drive|saddeycott9v@angelfire.com
6777|Kellen|Narramore|Female|B-|21-May-2009|8165183093|74 Clove Court|knarramore9w@wufoo.com
6357|Matti|Naldrett|Female|O-|23-Oct-2011|9270667198|01879 Dayton Trail|mnaldrett9x@forbes.com
1040|Anabel|O'Duilleain|Female|AB-|09-Nov-2001|7690194996|5972 Brickson Park Parkway|aoduilleain9y@friendfeed.com
0048|Tam|Matthews|Male|O-|06-Mar-2008|7218714118|03 Waubesa Street|tmatthews9z@simplemachines.org
